url,name,כתובת,עדה,זמני תפילות - חול,זמני תפילות - שבת,שיעורי תורה,גבאי,רב בית הכנסת
https://rabanut.co.il/synagogue/%d7%90%d7%91%d7%99%d7%a8-%d7%99%d7%a2%d7%a7%d7%91-%d7%9c%d7%96%d7%9b%d7%a8-%d7%a7%d7%93%d7%95%d7%a9%d7%99-%d7%90%d7%a0%d7%98%d7%95%d7%a4%d7%95%d7%9c/,אביר יעקב – לזכר קדושי אנטופול,"אוליפנט 17, לב העיר",אשכנז,"שחרית-6:45, מנחה-12:45-בזמן, ערבית-22:30",שחרית-8:00,"שיעור דף יומי, בימים א-ה בין מנחה לערבית","חנן שטויסר
                            
                                -054-5734317",
https://rabanut.co.il/synagogue/%d7%90%d7%91%d7%a9%d7%9c%d7%95%d7%9d/,אבשלום,"בוגרשוב 63, הצפון הישן",עדות המזרח,"שחרית-7:30-8:10, מנחה-בזמן, ערבית-20:00","שחרית-8:00, מנחה-בזמן","שיעור דף יומי, בימים א-ה לפני מנחה","הרב יעקב אבא שאול
                            
                                -053-3033676",הרב יעקב אבא שאול
https://rabanut.co.il/synagogue/%d7%90%d7%92%d7%95%d7%93%d7%aa-%d7%90%d7%97%d7%99%d7%9d/,אגודת אחים,"אצ""ל 48, התקווה",תימני,,"שחרית-6:00, מנחה-בזמן",,"הרב יוסף כהן עראקי
                            
                                -052-2739912",
https://rabanut.co.il/synagogue/%d7%90%d7%92%d7%95%d7%93%d7%aa-%d7%90%d7%97%d7%99%d7%9d-%d7%99%d7%93-%d7%95%d7%a9%d7%9d/,אגודת אחים יד ושם,"בועז 21, התקווה",תימני,,"שחרית-7:00, מנחה-בזמן",,"חזקיה
                            
                                -050-7231625",
https://rabanut.co.il/synagogue/%d7%90%d7%92%d7%95%d7%93%d7%aa-%d7%99%d7%a9%d7%a8%d7%99%d7%9d/,אגודת ישרים,"עבאס 4, התקווה",תימני,,"שחרית-7:00, מנחה-בזמן",,ג'רופי אביעד,
https://rabanut.co.il/synagogue/%d7%90%d7%92%d7%95%d7%93%d7%aa-%d7%a9%d7%91%d7%aa-%d7%90%d7%97%d7%99%d7%9d/,אגודת שבת אחים,"תשרי 86, עזרא והארגזים",תימני,מנחה-בזמן,מנחה-בזמן,,"שרעבי מיכאל
                            
                                -03-5374635",
https://rabanut.co.il/synagogue/%d7%90%d7%94%d7%91%d7%94-%d7%95%d7%90%d7%97%d7%95%d7%94-%d7%97%d7%96%d7%95%d7%9f-%d7%a0%d7%97%d7%95%d7%9d/,אהבה ואחוה – חזון נחום,"מגן אברהם 12, יפו",עדות המזרח,"שחרית-5:45, מנחה-בזמן, ערבית-20:15","שחרית-7:00, מנחה-13:15-בזמן",,"הרב אפרים עמדי
                            
                                -050-4132220",הרב אפרים עמדי
https://rabanut.co.il/synagogue/%d7%90%d7%94%d7%91%d7%94-%d7%95%d7%90%d7%97%d7%95%d7%95%d7%94/,אהבה ואחווה,"ראול ולנברג 39, נווה שרת",עדות המזרח,"שחרית-נץ, מנחה-בזמן","שחרית-7:15, מנחה-ק14:15 ח13:15-בזמן",,"שבתאי ברוך
                            
                                -050-4153540",
https://rabanut.co.il/synagogue/%d7%90%d7%94%d7%91%d7%94-%d7%95%d7%97%d7%a1%d7%93-%d7%9e%d7%a7%d7%9c%d7%98/,אהבה וחסד – מקלט,"הכינור 3, קריית שלום",עדות המזרח,,"שחרית-7:30, מנחה-ח13:30-15:30-בזמן",,"שלמה חאלו
                            
                                -050-4179973",
https://rabanut.co.il/synagogue/%d7%90%d7%94%d7%91%d7%aa-%d7%90%d7%97%d7%99%d7%9d/,אהבת אחים,"הכנסת הגדולה 7, בבלי",אשכנז,"שחרית-7:30, מנחה-בזמן",שחרית-6:50-8:40,"שיעור דף יומי, בימים א-ה אחרי ערבית","הרב איתן שרמן
                            
                                -054-5981736",הרב ישראל שפירא
https://rabanut.co.il/synagogue/%d7%90%d7%94%d7%91%d7%aa-%d7%90%d7%97%d7%99%d7%9d-2/,אהבת אחים,"ראול ולנברג 9, רמת החייל",עדות המזרח,מנחה- בזמן,"שחרית-8:00, מנחה-בזמן",,"אמנון אגוז
                            
                                -03-6477563",הרב דוד קדם
https://rabanut.co.il/synagogue/%d7%90%d7%94%d7%91%d7%aa-%d7%90%d7%97%d7%99%d7%9d-%d7%9e%d7%a7%d7%9c%d7%98/,אהבת אחים – מקלט,"קהילת ורשא 79, הדר יוסף",עדות המזרח,"שחרית-6:00, מנחה-בזמן","שחרית-7:30, מנחה-בזמן",,"אברהם רם
                            
                                -055-6645433",
https://rabanut.co.il/synagogue/%d7%90%d7%94%d7%91%d7%aa-%d7%97%d7%99%d7%99%d7%9d-%d7%94%d7%aa%d7%95%d7%9d/,אהבת חיים – התום,"מחנה יוסף 32, נווה צדק",תימני,"שחרית-נץ, מנחה-בזמן","שחרית-7:00, מנחה-בזמן","שיעור דף יומי, בימים א-ה בשעה 7:00","כהן שמעון
                            
                                -052-4766650",
https://rabanut.co.il/synagogue/%d7%90%d7%94%d7%91%d7%aa-%d7%97%d7%a1%d7%93/,אהבת חסד,"אברבנאל 54, פלורנטין",עדות המזרח,מנחה-13:15,,,"שלמה לוי
                            
                                -054-3314291",
https://rabanut.co.il/synagogue/%d7%90%d7%94%d7%91%d7%aa-%d7%a6%d7%99%d7%95%d7%9f/,אהבת ציון,"מח""ל 51, כפר שלם",עדות המזרח,,"שחרית-7:00, מנחה-16:00",,"מיכאל מנשה
                            
                                -050-8870574",הרב מדר
https://rabanut.co.il/synagogue/%d7%90%d7%94%d7%91%d7%aa-%d7%a6%d7%99%d7%95%d7%9f-2/,אהבת ציון,"בורמה 11, קריית שלום",עדות המזרח,"שחרית-7:30, מנחה-בזמן","שחרית-7:20, מנחה-בזמן",,"אלי שלמה
                            
                                -050-6806683",
https://rabanut.co.il/synagogue/%d7%90%d7%94%d7%91%d7%aa-%d7%a6%d7%99%d7%95%d7%9f-%d7%94%d7%a7%d7%98%d7%9f/,אהבת ציון – הקטן,"מח""ל 51, כפר שלם",עדות המזרח,"שחרית-6:00-7:00-8:00, מנחה-בזמן","שחרית-7:00, מנחה-בזמן",,"דב בצלאל
                            
                                -050-7662760",
https://rabanut.co.il/synagogue/%d7%90%d7%94%d7%9c-%d7%97%d7%99%d7%99%d7%9d/,אהל חיים,"ששת הימים 16, נווה אליעזר",אשכנז,,שחרת-8:30 מנחה-בזמן,,"הרב מנחם הכהן
                            
                                -054-7201770",
https://rabanut.co.il/synagogue/%d7%90%d7%94%d7%9c-%d7%99%d7%95%d7%a1%d7%a3-%d7%95%d7%a2%d7%9e%d7%a0%d7%95%d7%90%d7%9c/,אהל יוסף ועמנואל,"דשבסקי 2, קריית שלום",עדות המזרח,"שחרית-5:45, מנחה-בזמן","שחרית-7:00, מנחה-בזמן",,,
https://rabanut.co.il/synagogue/%d7%90%d7%94%d7%9c-%d7%99%d7%a2%d7%a7%d7%91/,אהל יעקב,"צרעה 6, נווה אליעזר",עדות המזרח,מנחה-13:45-בזמן,"שחרית- נץ-7:45, מנחה-ח12:10 ק 13:10-בזמן",,"מאיר פרץ
                            
                                -050-7999655",
https://rabanut.co.il/synagogue/%d7%90%d7%94%d7%9c-%d7%aa%d7%9e%d7%a8/,אהל תמר,"וילון 34, התקווה",תימני,מנחה-סמוך,"שחרית-7:00, מנחה-12:30-בזמן",,"שמעון סינואני
                            
                                -050-9338047",
https://rabanut.co.il/synagogue/%d7%90%d7%94%d7%9c%d7%99-%d7%99%d7%a2%d7%a7%d7%91/,אהלי יעקב,"נחלת בנימין 104, פלורנטין",עדות המזרח,"שחרית-7:00, מנחה13:30-14:30-בזמן",,"שיעור דף יומי, בימים א-ה בשעה 21:00","יגאל
                            
                                -050-5242552",הרב אליהו קשטרו
https://rabanut.co.il/synagogue/%d7%90%d7%94%d7%a8%d7%95%d7%a0%d7%a1%d7%95%d7%9f/,אהרונסון,"המגיד 4, לב העיר",אשכנז,"שחרית-7:00-8:00, מנחה-בזמן, ערבית-20:45","שחרית-7:30, מנחה-בזמן",,"אברהם מנצור
                            
                                -050-5742475",
https://rabanut.co.il/synagogue/%d7%90%d7%95%d7%94%d7%9c-%d7%90%d7%91%d7%a8%d7%94%d7%9d/,אוהל אברהם,"רוסלאן 5, יפו",עדות המזרח,מנחה-13:15-בזמן,"שחרית-7:30, מנחה-ק13:15 ח12:30-בזמן",,"הרב פריינטה
                            
                                -052-5962086",
https://rabanut.co.il/synagogue/%d7%90%d7%95%d7%94%d7%9c-%d7%90%d7%91%d7%a8%d7%94%d7%9d-2/,אוהל אברהם,"בית קציר 10, שפירא",עדות המזרח,"שחרית-נץ החמה, מנחה-בזמן",שחרית-7:00ף מנחה-בזמן,,"דוד זרגרוב
                            
                                -052-2751007",
https://rabanut.co.il/synagogue/%d7%90%d7%95%d7%94%d7%9c-%d7%90%d7%91%d7%a8%d7%94%d7%9d-%d7%a9%d7%9e%d7%95%d7%90%d7%9c-%d7%99%d7%a9%d7%99%d7%91%d7%aa-%d7%91%d7%99%d7%aa-%d7%99%d7%95%d7%a1%d7%a3/,אוהל אברהם שמואל – ישיבת בית יוסף,"אייזיק חריף 23, יפו",עדות המזרח,"שחרית-5:15-6:30, מנחה-בזמן","שחרית-7:00, מנחה-בזמן","שיעור דף יומי, בימים א-ה בשעה 18:00","הרב גיא זוהר
                            
                                -050-5760984",הרב שחר מויאל
https://rabanut.co.il/synagogue/%d7%90%d7%95%d7%94%d7%9c-%d7%99%d7%95%d7%a1%d7%a3-2/,אוהל יוסף,"נ""ו 20, כפר שלם",תימני,,"שחרית-7:00, מנחה-13:00",,"משולם שמעון
                            
                                -050-7275677",
https://rabanut.co.il/synagogue/%d7%90%d7%95%d7%94%d7%9c-%d7%99%d7%95%d7%a1%d7%a3/,אוהל יוסף,"שבתאי 30, התקווה",עדות המזרח,מנחה-בזמן,"שחרית-7:30, מנחה-בזמן",,"בצלאל יום טוב
                            
                                -050-6593265",
https://rabanut.co.il/synagogue/%d7%90%d7%95%d7%94%d7%9c-%d7%99%d7%95%d7%a1%d7%a3-%d7%a7%d7%95%d7%99%d7%93%d7%99%d7%a0%d7%95%d7%91/,אוהל יוסף – קוידינוב,"טשרנחובסקי 57, לב העיר",אשכנז,מנחה-בזמן,"שחרית-8:20, מנחה-בזמן",,"גבריאל יפה
                            
                                -052-7645285",
https://rabanut.co.il/synagogue/%d7%90%d7%95%d7%94%d7%9c-%d7%99%d7%95%d7%a1%d7%a3-%d7%91%d7%99%d7%aa-%d7%96%d7%9b%d7%a8%d7%99%d7%94/,אוהל יוסף – בית זכריה,"שד' החייל 33, יד אליהו",תימני,"שחרית-6:00, מנחה-בזמן","שחרית-7:00, מנחה-13:00-בזמן",,"שמעון בסיל
                            
                                -050-4466161",אבנר גבריאל
https://rabanut.co.il/synagogue/%d7%90%d7%95%d7%94%d7%9c-%d7%99%d7%95%d7%a1%d7%a3-%d7%99%d7%a6%d7%97%d7%a7/,אוהל יוסף יצחק,"גן אוצר בשוויס זינגר 1, רמת אביב",אשכנז,,"שחרית-5:45, מנחה-בזמן",,"יואב רבי
                            
                                -גבאי: 054-2035382  רב: 052-7278770",הרב משה אבר מד
https://rabanut.co.il/synagogue/%d7%90%d7%95%d7%94%d7%9c-%d7%99%d7%a2%d7%a7%d7%91/,אוהל יעקב,"יחיעם 23, התקווה",עדות המזרח,,"שחרית-7:00, מנחה-בזמן",,"גבאי צמח
                            
                                -052-2726212",
https://rabanut.co.il/synagogue/%d7%90%d7%95%d7%94%d7%9c-%d7%99%d7%a6%d7%97%d7%a7/,אוהל יצחק,"חומה ומגדל 16, לב העיר",עדות המזרח,מנחה-בזמן,,,"ארנון מנחם
                            
                                -052-8143031",הרב ציון יצחק
https://rabanut.co.il/synagogue/%d7%90%d7%95%d7%94%d7%9c-%d7%99%d7%a6%d7%97%d7%a7-2/,אוהל יצחק,"נמירובר 10, רמת החייל",אשכנז,"שחרית-6:00, מנחה-בזמן","שחרית-8:30, מנחה-בזמן",,"מנחם רוזנברג
                            
                                -03-6482382   052-2957933",הרב חיים הורביץ
https://rabanut.co.il/synagogue/%d7%90%d7%95%d7%94%d7%9c-%d7%99%d7%a9%d7%a8%d7%90%d7%9c/,אוהל ישראל,"בן יהודה 159, הצפון הישן",עדות המזרח,"שחרית-6:10, מנחה-בזמן","שחרית-7:00, מנחה-בזמן","שיעור דף יומי, בימים א-ה אחרי שחרית","דניאל כהן
                            
                                -054-5684598",הרב ישראל יפת
https://rabanut.co.il/synagogue/%d7%90%d7%95%d7%94%d7%9c-%d7%9c%d7%90%d7%94/,אוהל לאה,"המשלטים 8, קריית שלום",עדות המזרח,,"שחרית-7:30, מנחה-בזמן",,"אלי גלעדי
                            
                                -054-7478900",הרב מאיר דוידוב
https://rabanut.co.il/synagogue/%d7%90%d7%95%d7%94%d7%9c-%d7%9e%d7%90%d7%99%d7%a8/,אוהל מאיר,"אדירים 5, נווה שרת",עדות המזרח,,"שחרית-7:30, מנחה-בזמן",,"חזי עזר
                            
                                -052-3408574",הרב אלי עזר
https://rabanut.co.il/synagogue/%d7%90%d7%95%d7%94%d7%9c-%d7%9e%d7%95%d7%a2%d7%93/,אוהל מועד,"שד""ל 5, לב העיר",עדות המזרח,"שחרית-6:10, מנחה-14:00","שחרית-8:30, מנחה-בזמן",,"בנימין תורג'מן
                            
                                -054-4579550",
https://rabanut.co.il/synagogue/%d7%90%d7%95%d7%94%d7%9c-%d7%9e%d7%a9%d7%94/,אוהל משה,"קהילת קנדה 8, יפו",,,,,"הרב יהודה סהלה
                            
                                -054-5776694",
https://rabanut.co.il/synagogue/%d7%90%d7%95%d7%94%d7%9c-%d7%9e%d7%a9%d7%94-2/,אוהל משה,"דוד אלמוג 3, קריית שלום",עדות המזרח,"שחרית-6:00, מנחה-בזמן","שחרית-7:30, מנחה-בזמן",,"אמנון
                            
                                -543451255",הרב נתן אלנתן
https://rabanut.co.il/synagogue/%d7%90%d7%95%d7%94%d7%9c-%d7%9e%d7%a9%d7%94-3/,אוהל משה,"בנימין מטודלה 10, שיכון דן",אשכנז,"שחרית-7:00, מנחה-בזמן","שחרית-8:30, מנחה-בזמן","שיעור דף יומי, בימים א-ה בשעה 18:30","יהושוע פרץ
                            
                                -050-2103618",הרב משה דהאן
https://rabanut.co.il/synagogue/%d7%90%d7%95%d7%94%d7%9c-%d7%a9%d7%9c%d7%95%d7%9d/,אוהל שלום,"התיבונים 3, שפירא",עדות המזרח,"שחרית-6:30, מנחה-בזמן","שחרית-7:30, מנחה-בזמן",,"ראובן אברמוב
                            
                                -052-5243430",
https://rabanut.co.il/synagogue/%d7%90%d7%95%d7%94%d7%9c-%d7%a9%d7%9c%d7%95%d7%9d-2/,אוהל שלום,"מסילת ישרים 10, שפירא",עדות המזרח,"שחרית-5:00, מנחה-בזמן","שחרית-7:00, מנחה-בזמן",,"דניאל חנימוב
                            
                                -054-5919735",
https://rabanut.co.il/synagogue/%d7%90%d7%95%d7%a0%d7%99%d7%91%d7%a8%d7%a1%d7%99%d7%98%d7%aa-%d7%aa%d7%90-%d7%a6%d7%99%d7%9e%d7%91%d7%95%d7%9c%d7%99%d7%a1%d7%98%d7%94/,"אוניברסיטת ת""א – צימבוליסטה","חיים לבנון 42, רמת אביב",אשכנז,"שחרית-7:20, מנחה-13:30-13:55-בזמן",,,"מנחם באגר
                            
                                -03-6408020",
https://rabanut.co.il/synagogue/%d7%90%d7%95%d7%a8-%d7%92%d7%91%d7%a8%d7%99%d7%90%d7%9c-%d7%9e%d7%a9%d7%9e%d7%a2%d7%95%d7%aa/,אור גבריאל – משמעות,"ברודצקי 17, רמת אביב",אשכנז,מנחה-בזמן,"שחרית-8:15, מנחה-בזמן",,"אשר שוורץ
                            
                                -050-4111696",
https://rabanut.co.il/synagogue/%d7%90%d7%95%d7%a8-%d7%92%d7%93%d7%9c%d7%99%d7%94%d7%95/,אור גדליהו,"זכריה רצאבי 10, קומה א', כפר שלם",עדות המזרח,,"שחרית-נץ, מנחה-13:15-בזמן",,"אלון אליאס
                            
                                -050-6332934",
https://rabanut.co.il/synagogue/%d7%90%d7%95%d7%a8-%d7%94%d7%97%d7%99%d7%99%d7%9d/,אור החיים,"הצדף 8, יפו",עדות המזרח,"מנחה-יום שני בזמן, פתוח בחגים בלבד",,,"אשר לוי
                            
                                -050-5076801",
https://rabanut.co.il/synagogue/%d7%90%d7%95%d7%a8-%d7%94%d7%97%d7%99%d7%99%d7%9d-2/,אור החיים,"דרך הטייסים 39, רמת הטייסים",תימני,שחרית-נץ,"שחרית-7:00, מנחה-בזמן",,"משה מסמבר
                            
                                -052-3367632",הרב משה מסמבר
https://rabanut.co.il/synagogue/%d7%90%d7%95%d7%a8-%d7%94%d7%97%d7%99%d7%99%d7%9d-3/,אור החיים,"פליטי הספר 6, רמת ישראל",תימני,"שחרית-5:30, מנחה-12:55-בזמן","שחרית-7:00, מנחה-בזמן",,"נועם מזעקי
                            
                                -052-2524172",הרב בן ציון מזרחי
https://rabanut.co.il/synagogue/%d7%90%d7%95%d7%a8-%d7%94%d7%9e%d7%96%d7%a8%d7%97/,אור המזרח,"חנוך 41, התקווה",תימני,"שחרית-7:00, מנחה-בזמן, ערבית-21:00","שחרית-7:00, מנחה-בזמן","שיעור דף יומי, כל יום בין מנחה לערבית","שוהם מלחי
                            
                                -050-3839033",
https://rabanut.co.il/synagogue/%d7%90%d7%95%d7%a8-%d7%94%d7%a6%d7%a4%d7%95%d7%9f/,אור הצפון,"ז'בוטינסקי 79, הצפון החדש",אשכנז,,מנחה-בזמן,,"אריאל גרונר
                            
                                -054-9146604",
https://rabanut.co.il/synagogue/%d7%90%d7%95%d7%a8-%d7%97%d7%96%d7%a7%d7%99%d7%94/,אור חזקיה,"רייס 12, יד אליהו",עדות המזרח,,"שחרית-8:00, מנחה-בזמן",,"מרדכי חזקיהו
                            
                                -052-3760429",
https://rabanut.co.il/synagogue/%d7%90%d7%95%d7%a8-%d7%97%d7%99-%d7%a2%d7%95%d7%9c%d7%99-%d7%a4%d7%a8%d7%a1/,אור חי – עולי פרס,"המכבש 9, התקווה",עדות המזרח,"שחרית-נץ, מנחה-יום ה' 13:00-בזמן","שחרית-7:30, מנחה-בזמן",,"יום טוב אליהו
                            
                                -052-4257809",
https://rabanut.co.il/synagogue/%d7%90%d7%95%d7%a8-%d7%99%d7%a2%d7%a7%d7%91/,אור יעקב,"קיבוץ גלויות 99, שפירא",עדות המזרח,"שחרית-6:00, ערבית-22:00","שחרית-8:00, מנחה-ח12:30 ק 13:30-בזמן","שיעור דף יומי, בימים א-ה בשעה 21:00","אריאל ניסנוב
                            
                                -052-2866432",הרב יניב בוזגלו
https://rabanut.co.il/synagogue/%d7%90%d7%95%d7%a8-%d7%99%d7%a9%d7%95%d7%a2%d7%94/,אור ישועה,"המשלטים 12, קריית שלום",תימני,,"שחרית-7:00, מנחה-בזמן",,"אלי גלעדי
                            
                                -054-7478900",
https://rabanut.co.il/synagogue/%d7%90%d7%95%d7%a8-%d7%99%d7%a9%d7%a8%d7%90%d7%9c-%d7%99%d7%a9%d7%99%d7%91%d7%aa-%d7%a9%d7%99%d7%a8%d7%aa-%d7%9e%d7%a9%d7%94/,"אור ישראל ישיבת ""שירת משה""","טולוז 16, יפו",אשכנז,"שחרית-7:00, מנחה-בזמן, ערבית-20:15","שחרית-8:00, מנחה-בזמן","שיעור דף יומי, בימים א-ה בשעה 15:30","משה שנדוביץ
                            
                                -054-4538116",הרב מאלי
https://rabanut.co.il/synagogue/%d7%90%d7%95%d7%a8-%d7%9c%d7%99%d7%a9%d7%a8%d7%90%d7%9c-%d7%a0%d7%94%d7%a8%d7%94/,אור לישראל נהרה,"הרב ניסים 3, בבלי",תימני,מנחה-בזמן,שחרית-7:30,,"יואב שיריון
                            
                                -03-6059480",
https://rabanut.co.il/synagogue/%d7%90%d7%95%d7%a8-%d7%9e%d7%a8%d7%93%d7%9b%d7%99/,אור מרדכי,"הונא 9, התקווה",עדות המזרח,"שחרית-נץ, מנחה-13:00-בזמן",,"שיעור דף יומי, בימים א-ה אחרי שחרית","הרב אפרים חממי
                            
                                -050-7500601",הרב אפרים חממי
https://rabanut.co.il/synagogue/%d7%90%d7%95%d7%a8-%d7%9e%d7%a9%d7%94/,אור משה,"דבורה הנביאה 81, נווה שרת",אשכנז,שחרית-8:00,"שחרית-8:00, מנחה-בזמן",,"יעקב שבקס
                            
                                -054-8444435",
https://rabanut.co.il/synagogue/%d7%90%d7%95%d7%a8-%d7%a1%d7%a2%d7%93%d7%99%d7%94-%d7%a0%d7%a6%d7%97-%d7%99%d7%95%d7%a1%d7%a3/,אור סעדיה – נצח יוסף,"בית פלט 39, יפו",עדות המזרח,שחרית-8:00,שחרית-8:00,,"נטף רון
                            
                                -052-6994396",
https://rabanut.co.il/synagogue/%d7%90%d7%95%d7%a8-%d7%a2%d7%95%d7%91%d7%93%d7%99%d7%94/,אור עובדיה,"צרעה 3, נווה אליעזר",עדות המזרח,"מנחה-ביום ו' 13:15-בזמן, ערבית-21:00","שחרית-7:00, מנחה-ח14:30 ק15:30-בזמן",,"שמואל דוד יהודה
                            
                                -055-6699910",
https://rabanut.co.il/synagogue/%d7%90%d7%95%d7%a8-%d7%a6%d7%99%d7%95%d7%9f/,אור ציון,"תמוז 24, עזרא והארגזים",עדות המזרח,מנחה-בזמן,"שחרית-7:00, מנחה-ק15:00 ח14:00-בזמן",,"גדעון למנצח
                            
                                -054-4961015",
https://rabanut.co.il/synagogue/%d7%90%d7%95%d7%a8-%d7%a9%d7%9c%d7%95%d7%9d-%d7%90%d7%91%d7%93%d7%a8/,אור שלום – אבדר,"אצ""ל 13, התקווה",תימני,מנחה-בזמן,"שחרית-7:00, מנחה-בזמן",,"אליהו אבדר
                            
                                -052-8458404",
https://rabanut.co.il/synagogue/%d7%90%d7%95%d7%a8%d7%97-%d7%9c%d7%97%d7%99%d7%99%d7%9d/,אורח לחיים,"שד' הבעש""ט 4, יפו",עדות המזרח,שחרית-6:00,"שחרית-7:30, מנחה-בזמן",,"רפאל ביטון
                            
                                -054-6917620",הרב ינון ברוך
https://rabanut.co.il/synagogue/%d7%90%d7%96%d7%95%d7%a8%d7%99-%d7%97%d7%9f/,אזורי חן,"שאול אביגור 3, אזורי חן",עדות המזרח,שחרית-6:30,שחרית-7:45,,"שלמה בן דוד
                            
                                -053-7622124",
https://rabanut.co.il/synagogue/%d7%90%d7%97%d7%93%d7%95%d7%aa-%d7%9c%d7%a2%d7%95%d7%9c%d7%99-%d7%aa%d7%95%d7%a8%d7%9b%d7%99%d7%94/,אחדות לעולי תורכיה,"שתולים 18, עזרא והארגזים",עדות המזרח,"שחרית-5:40, מנחה-13:00-בזמן","שחרית-7:00, מנחה-בזמן",,"דוד עזרא
                            
                                -052-4629180",
https://rabanut.co.il/synagogue/%d7%90%d7%97%d7%95%d7%94/,אחוה,"יעקב בן סירא 6, כפר שלם",עדות המזרח,,,,"גלעד דרעי
                            
                                -052-3992030",הרב שלומי רדעי
https://rabanut.co.il/synagogue/%d7%90%d7%97%d7%99%d7%9d-%d7%94%d7%91%d7%95%d7%9b%d7%a8%d7%99%d7%9d/,אחים – הבוכרים,"לפידות 25, התקווה",עדות המזרח,מנחה-בזמן,"שחרית-7:00, מנחה-בזמן",,"דני בדלוב
                            
                                -050-6530066",
https://rabanut.co.il/synagogue/%d7%90%d7%99%d7%97%d7%95%d7%93-%d7%a9%d7%99%d7%91%d7%aa-%d7%a6%d7%99%d7%95%d7%9f-%d7%97%d7%95%d7%92-%d7%94%d7%a0%d7%95%d7%a2%d7%a8-%d7%94%d7%93%d7%aa%d7%99/,איחוד שיבת ציון – חוג הנוער הדתי,"בן יהודה 86, הצפון הישן",אשכנז,"שחרית -6:00, מנחה-13:30, בזמן","שחרית-7:30,  9:15, מנחה-בזמן","שיעור דף יומי, בימים א-ו בשעה 7:45","חיים פרקש
                            
                                -טל' משרד בין השעות:             9:30-13:30 -         03-5224047",
https://rabanut.co.il/synagogue/%d7%90%d7%99%d7%99%d7%9c%d7%95%d7%9f/,איילון,"עמק איילון 14, יד אליהו",עדות המזרח,"שחרית-6:30, מנחה-בזמן","שחרית-8:00-9:00, מנחה-בזמן","שיעור דף יומי, בימים א-ה אחרי ערבית","אילן אלכסי
                            
                                -052-5635842",הרב מיכאל עמנואל
https://rabanut.co.il/synagogue/%d7%90%d7%99%d7%a8%d7%92%d7%95%d7%9f-%d7%97%d7%99%d7%a0%d7%95%d7%9b%d7%99-%d7%93%d7%aa%d7%99-%d7%a9%d7%91%d7%aa-%d7%90%d7%97%d7%99%d7%9d/,אירגון חינוכי דתי – שבת אחים,"קלישר 5, כרם התימנים",תימני,,"שחרית-7:30, מנחה-בזמן",,"אביעד רצהבי
                            
                                -052-2929232",
https://rabanut.co.il/synagogue/%d7%90%d7%9b%d7%a1%d7%a0%d7%99%d7%99%d7%aa-%d7%91%d7%a0%d7%99-%d7%93%d7%9f/,אכסניית בני דן,"בני דן 36, הצפון החדש",אשכנז,,"שחרית-9:30, מנחה-בזמן",,"הרב פיקרסקי
                            
                                -054-3975639",הרב פיקרסקי
https://rabanut.co.il/synagogue/%d7%90%d7%9c-%d7%91%d7%99%d7%aa-%d7%90%d7%9c/,אל בית אל,"הרב עובדיה בידאני 23, ליבנה - חבנים",תימני,,"שחרת – 7:30, מנחה – בזמן, ערבית – בזמן",,"אוהד חבני
                            
                                -052-2651713",הרב רועי גל
https://rabanut.co.il/synagogue/%d7%90%d7%9c-%d7%92%d7%a8%d7%91%d7%94/,אל ג'רבה,"משה בריל 13, כפר שלם",עדות המזרח,"שחרית-נץ, מחנה-בזמן","שחרית-נץ, מנחה-בזמן",,"סוסו אזולאי
                            
                                -054-8402508","הרה""ג שמעון חרארי"
https://rabanut.co.il/synagogue/%d7%90%d7%9c%d7%99-%d7%91%d7%a2%d7%96%d7%a8%d7%99/,אלי בעזרי,"צונץ 11, תל כביר",עדות המזרח,שחרית-6:15,"שחרית-7:30, מנחה-ק 13:15 ח12:15-בזמן","שיעור דף יומי, בימים א-ה בשעה 20:15","מלכיאל יצחקוב
                            
                                -052-6809236",
https://rabanut.co.il/synagogue/%d7%90%d7%9c%d7%99-%d7%9b%d7%94%d7%9f/,אלי כהן,"מאיר גרוסמן 14, תל כביר",עדות המזרח,"שחרית-5:30-7:00, מנחה-בזמן, ערבית-ק21:30-ח21:00","שחרית-7:00, מנחה-בזמן",,"יוחנן מתתיהו
                            
                                -050-5317758",הרב יהודה יוספוב
https://rabanut.co.il/synagogue/%d7%90%d7%9c%d7%99%d7%94%d7%95-%d7%94%d7%a0%d7%91%d7%99%d7%90-2/,אליהו הנביא,"לוינסקי 44, לוינסקי - נווה שאנן",עדות המזרח,"שחרית-6:45, מנחה-13:00, 15:00, ערבית – בשקיעה",,"שיעור דף יומי, בימים א-ה בין השעות 6:15-6:45 ובין 8:00-8:30","אפרים דיין
                            
                                -050-2683768",הרב פנחס שאער
https://rabanut.co.il/synagogue/%d7%90%d7%9c%d7%99%d7%94%d7%95-%d7%94%d7%a0%d7%91%d7%99%d7%90/,אליהו הנביא,"התקווה 63, התקווה",עדות המזרח,מנחה-בזמן,"שחרית-7:00, מנחה-בזמן",,"הרב דני כהן
                            
                                -506229290",הרב דני כהן
https://rabanut.co.il/synagogue/%d7%90%d7%9c%d7%99%d7%94%d7%95-%d7%94%d7%a0%d7%91%d7%99%d7%90-3/,אליהו הנביא,"שתולים 42, עזרא והארגזים",עדות המזרח,"שחרית-5:45, מנחה-בזמן, ערבית-20:00","שחרית-7:30, מנחה-13:00-בזמן",,"יוסף כהן
                            
                                -050-8686010 050-5784515",הרב עזרא טראב
https://rabanut.co.il/synagogue/%d7%90%d7%9c%d7%99%d7%94%d7%95-%d7%94%d7%a0%d7%91%d7%99%d7%90-%d7%91/,אליהו הנביא ב',"אבן גבירול 117, הצפון החדש",עדות המזרח,"שחרית-05:45, מנחה-בזמן","שחרית-7:00, מנחה-בזמן","שיעור דף יומי, בימים א-ה בין מנחה לערבית","חיים אהרון
                            
                                -053-4303052",הרב חיים נדב
https://rabanut.co.il/synagogue/%d7%90%d7%9c%d7%9e%d7%a7%d7%9c%d7%97%d7%99-%d7%97%d7%a1%d7%93-%d7%90%d7%91%d7%a8%d7%94%d7%9d/,אלמקלחי – חסד אברהם,"יקותיאל 44, התקווה",תימני,,"שחירת-6:00, מנחה-בזמן",,"ישראל ושדי
                            
                                -054-8486466",
https://rabanut.co.il/synagogue/%d7%90%d7%9c%d7%a7%d7%a0%d7%99%d7%90%d7%9f/,אלקניאן,"ששת הימים 35, נווה אליעזר",עדות המזרח,"שחרית-5:30, ערבית-בזמן","שחרית-6:45, מנחה-בזמן",,"יצחק גולן
                            
                                -052-3411197",הרב אפרים חממי
https://rabanut.co.il/synagogue/%d7%90%d7%9c%d7%a9%d7%99%d7%9a/,אלשיך,"החרמון 26, נווה צדק",תימני,,"שחרית-7:00, מנחה-בזמן",,"רפי נדב
                            
                                -054-9861005",
https://rabanut.co.il/synagogue/%d7%90%d7%a4%d7%a7%d7%94/,אפקה,"חי""ש 16, אפקה",אשכנז,שחרית-6:30,שחרית-8:00,,"ישראל ורובל
                            
                                -050-5234113",
https://rabanut.co.il/synagogue/%d7%90%d7%a8%d7%9d-%d7%a0%d7%94%d7%a8%d7%99%d7%99%d7%9d/,ארם נהריים,"נחלת בנימין 47, לב העיר",עדות המזרח,מנחה-בזמן,"שחרית-8:00, מנחה-בזמן",,"יעיש סוויסה
                            
                                -050-4245836",
https://rabanut.co.il/synagogue/%d7%90%d7%a8%d7%9d-%d7%a0%d7%94%d7%a8%d7%99%d7%9d/,ארם נהרים,"ההלכה 1, בבלי",עדות המזרח,"מנחה-בזמן, ערבית-20:00",שחרית-7:00,,"רחמים פיטו
                            
                                -052-8853713",
https://rabanut.co.il/synagogue/%d7%91%d7%90%d7%a8-%d7%94%d7%a6%d7%91%d7%99/,באר הצבי,"גרינבויים 37, תל כביר",עדות המזרח,"שחרית-8:15, מנחה-14:00, ערבית-21:45",מנחה-בזמן,,"הרב ירון בן צבי
                            
                                -050-4132433",הרב ירון בן צבי
https://rabanut.co.il/synagogue/%d7%91%d7%90%d7%a8-%d7%9e%d7%99%d7%9d-%d7%97%d7%99%d7%99%d7%9d-2/,באר מים חיים,"שד' רוטשילד 112, לב העיר",כללי,,"שחרית-9:30, מנחה-בזמן",,"מאיר טייטלבויים
                            
                                -052-7588710",
https://rabanut.co.il/synagogue/%d7%91%d7%90%d7%a8-%d7%9e%d7%99%d7%9d-%d7%97%d7%99%d7%99%d7%9d/,באר מים חיים,"הפלמ""ח 40, יד אליהו",עדות המזרח,"שחרית-נץ-7:30, מנחה-ק13:30 ח 12:30-בזמן, ערבית-19:15-21:00","שחרית-7:45, מנחה-13:30-בזמן","שיעור דף יומי, בימים ראשון שלישי רביעי וחמישי בשעות 20:30 ובשבת בשעה 12:15","אורי כאשי
                            
                                -052-7146796",הרב אמנון חגיגי
https://rabanut.co.il/synagogue/%d7%91%d7%99%d7%97-%d7%90%d7%99%d7%9b%d7%99%d7%9c%d7%95%d7%91-%d7%91%d7%a0%d7%99%d7%9f-%d7%a1%d7%95%d7%a8%d7%90%d7%a1%d7%a7%d7%99/,"בי""ח איכילוב בנין סוראסקי","ויצמן 6, קומה 1   אגף ה', הצפון החדש",כללי,"שחרית-5:45-7:15, מנחה-13:20-14:00-15:00-בזמן, ערבית-19:00","שחרית-8:00, מנחה-בזמן","שיעור דף יומי, בימים א-ה בשעה 14:00","ישראל מילר
                            
                                -03-6957264",הרב אברהם רזניקוב
https://rabanut.co.il/synagogue/%d7%91%d7%99%d7%97-%d7%a8%d7%a2%d7%95%d7%aa/,"בי""ח רעות","שד' החייל 2,  קומת   קרקע, יד אליהו",עדות המזרח,מנחה-בזמן,"שחרית-7:45, מנחה-13:30-בזמן",,"הרב סלמן אברהם
                            
                                -054-8598138",הרב סלמן אברהם
https://rabanut.co.il/synagogue/%d7%91%d7%99%d7%94%d7%a1-%d7%9e%d7%99%d7%a8%d7%95%d7%9f-%d7%91%d7%a0%d7%99-%d7%a2%d7%a7%d7%99%d7%91%d7%90/,"ביה""ס מירון בני עקיבא","שלומציון המלכה 65, הצפון החדש",אשכנז,,"שחרית-7:40, מנחה-בזמן",,"ברוך גרוס
                            
                                -03-6057133",
https://rabanut.co.il/synagogue/%d7%91%d7%99%d7%94%d7%a1-%d7%a6%d7%99%d7%99%d7%98%d7%9c%d7%99%d7%9f/,"ביה""ס צייטלין","צייטלין 22, הצפון החדש",כללי,שחרית-7:30,"שחרית-9:00, מנחה-בזמן",,"אביעד פרידמן
                            
                                -050-7237544",
https://rabanut.co.il/synagogue/%d7%99%d7%a9%d7%99%d7%91%d7%aa-%d7%a8%d7%a9%d7%91%d7%99-copy/,"ביהמ""ד וכולל רשב""י","נטעים 46, התקווה",עדות המזרח,"שחרית-7:00-8:00, מנחה-בזמן, ערבית-צה""כ, 21:15","שחרית-8:00, מנחה-בזמן, ערבית – צאת השבת",,"יהודה משולם
                            
                                -054-9333371",הרב מרדכי משולם
https://rabanut.co.il/synagogue/%d7%91%d7%99%d7%9c%d7%95/,בילו,"שד' רוטשילד 124, לב העיר",אשכנז,,"שחרית-9:30, מנחה-בזמן",,,
https://rabanut.co.il/synagogue/%d7%91%d7%99%d7%aa-%d7%90%d7%91%d7%95%d7%aa-%d7%92%d7%a0%d7%99-%d7%92%d7%99%d7%9c%d7%94-%d7%91%d7%a8%d7%95%d7%99%d7%90%d7%a8/,בית אבות גני גילה ברויאר,"מרגולין 4, יד אליהו",עדות המזרח,"שחרית-7:00, מנחה-13:00-בזמן",מנחה-בזמן,,"חניאל משה
                            
                                -03-6367400",
https://rabanut.co.il/synagogue/%d7%91%d7%99%d7%aa-%d7%90%d7%91%d7%95%d7%aa-%d7%9e%d7%a9%d7%a2%d7%9f-%d7%93%d7%99%d7%95%d7%a8-%d7%9e%d7%95%d7%92%d7%9f/,בית אבות משען – דיור מוגן,"שלונסקי 6, אפקה",כללי,"שחרית-7:00, מנחה-בזמן",שחרית-8:15,,"אברהם שביט
                            
                                -052-2555678",
https://rabanut.co.il/synagogue/%d7%91%d7%99%d7%aa-%d7%90%d7%91%d7%95%d7%aa-%d7%a9%d7%9c%d7%95%d7%9d/,בית אבות שלום,"שיר 2, הצפון הישן",אשכנז,"שחרית-6:45-7:00, מנחה-בזמן","שחרית-8:00, מנחה-12:40-בזמן","שיעור דף יומי, בימים א-ה אחרי שחרית","צבי קופלוביץ
                            
                                -050-6316603",
https://rabanut.co.il/synagogue/%d7%91%d7%99%d7%aa-%d7%90%d7%91%d7%a8%d7%94%d7%9d/,בית אברהם,"המשלטים 10, קריית שלום",עדות המזרח,"שחרית-5:30,","שחרית-7:00, מנחה- בזמן",,"ששון מרדכי
                            
                                -052-2803798",
https://rabanut.co.il/synagogue/%d7%91%d7%99%d7%aa-%d7%90%d7%91%d7%a8%d7%94%d7%9d-%d7%95%d7%95%d7%90%d7%a1%d7%9c%d7%95%d7%99/,בית אברהם – וואסלוי,"בן גוריון 71, הצפון הישן",אשכנז,"שחרית-7:30, מנחה-בזמן","שחרית-6:45-8:45, מנחה-בזמן","שיעור דף יומי, בימים א-ו בשעה 15:00","עזרא בראוטמן
                            
                                -054-8451505","האדמו""ר מווסלוי"
https://rabanut.co.il/synagogue/%d7%91%d7%99%d7%aa-%d7%90%d7%94%d7%a8%d7%95%d7%9f/,בית אהרון,"מרגולין 5, יד אליהו",כללי,,מנחה-בזמן,,"אליעזר לזר
                            
                                -03-7303841",
https://rabanut.co.il/synagogue/%d7%91%d7%99%d7%aa-%d7%90%d7%94%d7%a8%d7%95%d7%9f-2/,בית אהרון,"מאור הגולה 34, שפירא",עדות המזרח,"שחרית-6:00, מנחה-בזמן","שחרית-7:00, מנחה-בזמן",,"דוד בורכוב
                            
                                -052-405972",
https://rabanut.co.il/synagogue/%d7%91%d7%99%d7%aa-%d7%90%d7%9c-5/,בית אל,"נתן הנביא 59, התקווה",עדות המזרח,שחרית-נץ,"שחרית-נץ, מנחה-13:00-בזמן",,"יוסף עגמי
                            
                                -054-7643833",
https://rabanut.co.il/synagogue/%d7%91%d7%99%d7%aa-%d7%90%d7%9c-5/,בית אל,"נתן הנביא 59, התקווה",עדות המזרח,שחרית-נץ,"שחרית-נץ, מנחה-13:00-בזמן",,"יוסף עגמי
                            
                                -054-7643833",
https://rabanut.co.il/synagogue/%d7%91%d7%99%d7%aa-%d7%90%d7%9c-5/,בית אל,"נתן הנביא 59, התקווה",עדות המזרח,שחרית-נץ,"שחרית-נץ, מנחה-13:00-בזמן",,"יוסף עגמי
                            
                                -054-7643833",
https://rabanut.co.il/synagogue/%d7%91%d7%99%d7%aa-%d7%90%d7%9c-2/,בית אל,"פרישמן 23, הצפון הישן",אשכנז,"שחרית-6:15, מנחה-בזמן","שחרית-8:00, מנחה-בזמן",,"הרב אריאל קונסטנטין
                            
                                -052-2838599",הרב אריאל קונסטנטין
https://rabanut.co.il/synagogue/%d7%91%d7%99%d7%aa-%d7%90%d7%9c/,בית אל,"יהושע בן נון 63, הצפון הישן",עדות המזרח,"שחרית-6:15, מנחה-בזמן","שחרית-8:00, מנחה-בזמן",,"אדלר יהודה
                            
                                -050-6795474",בנימין שאולוף
https://rabanut.co.il/synagogue/%d7%91%d7%99%d7%aa-%d7%90%d7%9c-6/,בית אל,"מאור הגולה 17, שפירא",עדות המזרח,"שחרית-8:15, מנחה- 12:45-בזמן","שחרית-7:30, מנחה-13:00-בזמן",,"אבנר שמעון
                            
                                -054-8183751",
https://rabanut.co.il/synagogue/%d7%91%d7%99%d7%aa-%d7%90%d7%9c-7/,בית אל,"זלמן שזר 42, תל כביר",עדות המזרח,,"שחרית-7:00, מנחה-13:15-בזמן",,"ברוך גילקרוב
                            
                                -052-3317392",
https://rabanut.co.il/synagogue/%d7%91%d7%99%d7%aa-%d7%90%d7%9c%d7%99%d7%94%d7%95/,בית אליהו,"אלמגור 18, נווה שרת",עדות המזרח,מנחה-בזמן,"שחרית-7:30, מנחה-בזמן",,"מרדכי אביטן
                            
                                -052-2641094",
https://rabanut.co.il/synagogue/%d7%91%d7%99%d7%aa-%d7%90%d7%9c%d7%99%d7%94%d7%95-2/,בית אליהו,"אלכסנדר זייד 23, קריית שלום",עדות המזרח,,"שחרית-7:30, מנחה-בזמן",,"מתיתיהו פנחסוב
                            
                                -054-7733206",
https://rabanut.co.il/synagogue/%d7%91%d7%99%d7%aa-%d7%90%d7%9c%d7%99%d7%94%d7%95-%d7%a2%d7%95%d7%9c%d7%99-%d7%9c%d7%95%d7%91/,בית אליהו – עולי לוב,"מרק 16, הדר יוסף",עדות המזרח,,"שחרית-7:30, מנחה-בזמן",,"דוד גוילי
                            
                                -054-4976035",הרב שלמה סבן
https://rabanut.co.il/synagogue/%d7%91%d7%99%d7%aa-%d7%90%d7%9c%d7%99%d7%94%d7%95-%d7%95%d7%93%d7%95%d7%93-%d7%a4%d7%99%d7%a8%d7%95%d7%91/,בית אליהו ודוד פירוב,"זלמן שזר 33, תל כביר",עדות המזרח,"שחרית-7:45, מנחה-בזמן","שחרית-7:00, מנחה-13:15-בזמן",,"הרב משה אלנתנוב
                            
                                -054-5842976",הרב משה אלנתנוב
https://rabanut.co.il/synagogue/%d7%91%d7%99%d7%aa-%d7%90%d7%a9%d7%a8-%d7%95%d7%9e%d7%a8%d7%93%d7%9b%d7%99/,בית אשר ומרדכי,"בורמה 11, קריית שלום",עדות המזרח,"שחרית-6:00, מנחה-בזמן","שחרית-7:45, מנחה-בזמן",,"יוסי אלנתנוב
                            
                                -054-6223770",הרב יוסי אלנתנוב
https://rabanut.co.il/synagogue/%d7%91%d7%99%d7%aa-%d7%92%d7%99%d7%9c-%d7%94%d7%96%d7%94%d7%91/,בית גיל הזהב,"משה דיין 66, יד אליהו",אשכנז,,מנחה-בזמן,,"אלעזר שלום
                            
                                -052-2583404",
https://rabanut.co.il/synagogue/%d7%91%d7%99%d7%aa-%d7%93%d7%95%d7%93/,בית דוד,"אבן גבירול 190, הצפון החדש",עדות המזרח,,"שחרית-8:30, מנחה-בזמן",,"אליעזר דורף
                            
                                -052-4775489",הרב צבי חלמיש
https://rabanut.co.il/synagogue/%d7%91%d7%99%d7%aa-%d7%93%d7%95%d7%93-%d7%a6%d7%99%d7%95%d7%9f/,בית דוד ציון,"ביכורי ציון 39, יפו",עדות המזרח,"שחרית-נץ החמה,",מנחה-בזמן,,"רחמים אמינוב
                            
                                -050-5641633",הרב ברוך
https://rabanut.co.il/synagogue/%d7%91%d7%99%d7%aa-%d7%94%d7%9c%d7%9c-%d7%95%d7%a4%d7%a0%d7%97%d7%a1-%d7%99%d7%a9%d7%99%d7%91%d7%94-%d7%91%d7%99%d7%aa-%d7%a8%d7%91%d7%99/,"בית הלל ופנחס –  ישיבה ""בית רבי""","דרך בר לב 122, כפר שלם",עדות המזרח,"שחרית-נץ, מנחה-עשרים דק' לפני שקיעה",,,"משיח ירקוני
                            
                                -050-7392524",
https://rabanut.co.il/synagogue/%d7%91%d7%99%d7%aa-%d7%96%d7%99%d7%9c%d7%9b%d7%94-%d7%91%d7%99%d7%aa-%d7%9e%d7%93%d7%a8%d7%a9/,בית זילכה – בית מדרש,"לפידות 24, התקווה",עדות המזרח,"שחרית-נץ, מנחה-בזמן",שמנחה-13:00-בזמן,,,הרב יחזקאל יצחק
https://rabanut.co.il/synagogue/%d7%91%d7%99%d7%aa-%d7%97%d7%91%d7%93/,"בית חב""ד","חנוך 47, התקווה",אשכנז,שחרית-6:20 מנחה-בזמן,שחרית-10:00 מנחה-בזמן,,"אפרים דגן
                            
                                -052-3420668",
https://rabanut.co.il/synagogue/%d7%91%d7%99%d7%aa-%d7%97%d7%91%d7%93-2/,"בית חב""ד","ישראל גורי 34, קריית שלום",עדות המזרח,מנחה-בזמן,"שחרית-9:00, מנחה-בזמן",,"חנניה לביוב
                            
                                -050-6781833",
https://rabanut.co.il/synagogue/%d7%91%d7%99%d7%aa-%d7%97%d7%93%d7%a9-%d7%9c%d7%9e%d7%93%d7%a8%d7%a9/,בית חדש למדרש,"בן יהודה 93, הצפון הישן",אשכנז,"שחרית-9:30, מנחה-בזמן, ערבית-22:00","שחרית-10:30, מנחה-בזמן","שיעור דף יומי, בימים א-ה בשעה 12:00","מנחם שורוק
                            
                                -03-5293770",הרב דוד עזיזה
https://rabanut.co.il/synagogue/%d7%91%d7%99%d7%aa-%d7%97%d7%95%d7%9c%d7%99%d7%9d-%d7%90%d7%a1%d7%95%d7%aa%d7%90/,בית חולים אסותא,"הברזל 20, רמת החייל",כללי,"שחרית-8:00, מנחה-13:40-בזמן",,,"הרב ישראל הוכרמן
                            
                                -052-7662636",
https://rabanut.co.il/synagogue/%d7%91%d7%99%d7%aa-%d7%97%d7%a1%d7%99%d7%93%d7%99%d7%9d-%d7%9b%d7%9c%d7%9c%d7%99-%d7%a8%d7%a9%d7%91%d7%99/,"בית חסידים כללי – רשב""י","בן יהודה 155, הצפון הישן",כללי,"שחרית-6:00, מנחה-14:00-בזמן","שחרית-9:00, מנחה-בזמן","שיעור דף יומי, בימים א-ה בשעות 13:15 ו-14:00","חיים פירקש
                            
                                -052-6272626",אהרון בן אהרון
https://rabanut.co.il/synagogue/%d7%91%d7%99%d7%aa-%d7%99%d7%94%d7%95%d7%93%d7%94/,בית יהודה,"אחיעזר 2, התקווה",אשכנז,,"שחרית-8:00, מנחה-בזמן",,"זושא פרידמן
                            
                                -03-7399282",
https://rabanut.co.il/synagogue/%d7%91%d7%99%d7%aa-%d7%99%d7%94%d7%95%d7%93%d7%94-2/,בית יהודה,"רלב""ג 20, שפירא",עדות המזרח,מנחה-בזמן,"שחרית-7:00, מנחה-בזמן",,,
https://rabanut.co.il/synagogue/%d7%91%d7%99%d7%aa-%d7%99%d7%95%d7%a1%d7%a3/,בית יוסף,"ל""א 33, כפר שלם",תימני,,"שחרית-7:00, מנחה-בזמן",,"אשר חג'בי
                            
                                -03-7398429",
https://rabanut.co.il/synagogue/%d7%91%d7%99%d7%aa-%d7%99%d7%99%d7%a0%d7%95%d7%9f/,בית יינון,"הפלמ""ח 10, יד אליהו",עדות המזרח,"שחרית-8:00, מנחה-בזמן",מנחה-בזמן,,"דניאל ציוני
                            
                                -050-6502995",הרב מתתיהו שרים
https://rabanut.co.il/synagogue/%d7%91%d7%99%d7%aa-%d7%99%d7%a2%d7%a7%d7%91-2/,בית יעקב,"ורד 4, התקווה",עדות המזרח,,"שחרית-7:30, מנחה-בזמן",,"יערב דרחי
                            
                                -054-7705070",
https://rabanut.co.il/synagogue/%d7%91%d7%99%d7%aa-%d7%99%d7%a2%d7%a7%d7%91/,בית יעקב,"החותרים 6, התקווה",עדות המזרח,,"שחרית-7:30, מנחה-בזמן",,,הרב ציון
https://rabanut.co.il/synagogue/%d7%91%d7%99%d7%aa-%d7%99%d7%a2%d7%a7%d7%91-%d7%90%d7%95%d7%94%d7%9c-%d7%a8%d7%91%d7%a7%d7%94/,בית יעקב אוהל רבקה,"יהושע בן נון 9, הצפון הישן",אשכנז,"שחרית-8:00, מנחה-בזמן","שחרית-9:00, מנחה-בזמן","שיעור דף יומי, בימים א-ה בין מנחה לערבית","שניאור סלפושניק
                            
                                -054-9221167",הרב מנחם הכט
https://rabanut.co.il/synagogue/%d7%91%d7%99%d7%aa-%d7%99%d7%a2%d7%a7%d7%91-%d7%95%d7%90%d7%95%d7%94%d7%9c-%d7%a8%d7%91%d7%a7%d7%94-%d7%97%d7%a1%d7%99%d7%93%d7%99-%d7%92%d7%95%d7%a8/,בית יעקב ואוהל רבקה -חסידי גור,"בר אילן 4, לב העיר",אשכנז,"שחרית-7:30, ערבית-20:20","שחרית-ק 8:00 ח 7:30, מנחה-בזמן","שיעור דף יומי, בימים א-ה אחרי ערבית","מרדכי ברוך
                            
                                -03-6852423",
https://rabanut.co.il/synagogue/%d7%91%d7%99%d7%aa-%d7%99%d7%a2%d7%a7%d7%91-%d7%99%d7%95%d7%a1%d7%a3/,בית יעקב יוסף,"פקיעין 12, הצפון הישן",אשכנז,"שחרית-7:45, מנחה-בזמן","שחרית-9:00, מנחה-בזמן","שיעור דף יומי, בימים א-ה אחרי ערבית","הרב אלחנן גוטמן
                            
                                -052-7171780",הרב אלחנן גוטמן
https://rabanut.co.il/synagogue/%d7%91%d7%99%d7%aa-%d7%99%d7%a2%d7%a7%d7%91-%d7%9c%d7%a2%d7%95%d7%9c%d7%99-%d7%93%d7%9e%d7%a9%d7%a7/,בית יעקב לעולי דמשק,"ראש פינה 3, לוינסקי - נווה שאנן",עדות המזרח,,,,"אליהו טראב
                            
                                -03-6878963",
https://rabanut.co.il/synagogue/%d7%91%d7%99%d7%aa-%d7%99%d7%a6%d7%97%d7%a7/,בית יצחק,"משה סנה 63 א', הדר יוסף",אשכנז,"שחרית-יום שני וחמישי6:30-יום ראשון וחמישי 8:00, מנחה-בזמן","שחרית-8:45, מנחה-בזמן",,,
https://rabanut.co.il/synagogue/%d7%91%d7%99%d7%aa-%d7%99%d7%a9%d7%a8%d7%90%d7%9c/,בית ישראל,"שד' הבעש""ט 4, יפו",אשכנז,,"שחרית-8:00, מנחה-בזמן",,"אלעד וידר
                            
                                -054-7649395",
https://rabanut.co.il/synagogue/%d7%91%d7%99%d7%aa-%d7%9c%d7%95%d7%99-%d7%90%d7%95%d7%a6%d7%a8%d7%95%d7%aa-%d7%97%d7%99%d7%99%d7%9d/,בית לוי – אוצרות חיים,"התקווה 73, התקווה",עדות המזרח,"שחרית-נץ, מנחה-13:00-בזמן","שחרית-7:00, מנחה-בזמן",,"לוי בניהו
                            
                                -052-2030800",
https://rabanut.co.il/synagogue/%d7%91%d7%99%d7%aa-%d7%9e%d7%92%d7%99%d7%93/,בית מגיד,"נורדאו 63, הצפון הישן",אשכנז,"שחרית-7:45, מנחה-בזמן","שחרית-9:00, מנחה-בזמן",,,
https://rabanut.co.il/synagogue/%d7%91%d7%99%d7%aa-%d7%9e%d7%aa%d7%aa%d7%99%d7%94%d7%95-%d7%a0%d7%95%d7%95%d7%94-%d7%a6%d7%94%d7%9c/,"בית מתתיהו – נווה צה""ל","אלוף 19, התקווה",עדות המזרח,"שחרית-7:00, מנחה-בזמן","שחרית-7:00, מנחה-13:00",,"הרב אהרון כהן
                            
                                -052-7657898",הרב אהרון כהן
https://rabanut.co.il/synagogue/%d7%91%d7%99%d7%aa-%d7%a9%d7%9c%d7%9e%d7%94-2/,בית שלמה,"יונה הנביא 27, כרם התימנים",עדות המזרח,"שחרית-7:30, מנחה-בזמן","שחרית-07:45, מנחה-בזמן",,"הרב אברהם ברוק
                            
                                -050-8490979",הרב אברהם ברוק
https://rabanut.co.il/synagogue/%d7%91%d7%99%d7%aa-%d7%a9%d7%9c%d7%9e%d7%94/,בית שלמה,"אחיעזר 1, התקווה",עדות המזרח,"שחרית-6:00, מנחה-פלג+בזמן","שחרית-נץ-7:00, מנחה-13:30, בזמן","שיעור דף יומי, בימים א-ה בשעה 17:00","משה הלל
                            
                                -052-8228093",
https://rabanut.co.il/synagogue/%d7%91%d7%99%d7%aa-%d7%aa%d7%a4%d7%99%d7%9c%d7%94-2/,בית תפילה,"ס""ה 57, כפר שלם",עדות המזרח,"שחרית – 6:00, מנחה- פלג המנחה","שחרית – בנץ, 8:30. מנחה – 13:30, 18:00.",,"שמעון קנפו
                            
                                -053-3107888",הרב דרור מצא
https://rabanut.co.il/synagogue/%d7%91%d7%99%d7%aa-%d7%aa%d7%a4%d7%99%d7%9c%d7%94/,בית תפילה,"מקור חיים 47, שפירא",עדות המזרח,מנחה-בזמן,"שחרית-7:00, מנחה-בזמן",,"גבריאל ציון
                            
                                -050-7692277",
https://rabanut.co.il/synagogue/%d7%91%d7%9c%d7%93%d7%99/,בלדי,"יחיא קאפח 25, כרם התימנים",תימני,,"שחרית-7:00, מנחה-בזמן",,"מנשה לוי
                            
                                -050-4996809",
https://rabanut.co.il/synagogue/%d7%91%d7%9f-%d7%a4%d7%95%d7%a8%d7%aa/,בן פורת,"גליפולי 2, יד אליהו",עדות המזרח,"שחרית-נץ, מנחה-בזמן, ערבית-20:00","שחרית-נץ-7:00, מנחה-13:15-בזמן","שיעור דף יומי, בימים א-ה אחרי ערבית","משה מיכאלי
                            
                                -052-8656528",הרב ישי עזרא
https://rabanut.co.il/synagogue/%d7%91%d7%a0%d7%99-%d7%91%d7%a0%d7%99%d7%9e%d7%99%d7%9f/,בני בנימין,"החזיון 3, קריית שלום",עדות המזרח,"שחרית-5:00-6:00, מנחה-בזמן, ערבית-21:00-רביעי21:30","שחרית-7:00, מנחה-14:00-בזמן",,"יוסי פרץ
                            
                                -053-2503026",הרב נהוראי שמעונוב
https://rabanut.co.il/synagogue/%d7%91%d7%a0%d7%99-%d7%93%d7%95%d7%93/,בני דוד,"ידידיה פרנקל 66, פלורנטין",,,,,,
https://rabanut.co.il/synagogue/%d7%91%d7%a0%d7%99-%d7%99%d7%a2%d7%a7%d7%91-%d7%95%d7%99%d7%a9%d7%a8%d7%90%d7%9c/,בני יעקב וישראל,"שד' הר ציון 50, לוינסקי - נווה שאנן",עדות המזרח,"שחרית-נץ, מנחה-בזמן","שחרית-7:30, מנחה-בזמן",,"חיים ישראלוב
                            
                                -054-3977167",הרב משה רחמים
https://rabanut.co.il/synagogue/%d7%91%d7%a0%d7%99-%d7%a2%d7%a7%d7%99%d7%91%d7%90-%d7%a1%d7%a0%d7%99%d7%a3-%d7%99%d7%93-%d7%90%d7%9c%d7%99%d7%94%d7%95/,בני עקיבא – סניף יד אליהו,"עמישב 33, יד אליהו",עדות המזרח,,מנחה-בזמן,,"אודי שרון
                            
                                -052-7995676",
https://rabanut.co.il/synagogue/%d7%91%d7%a0%d7%99-%d7%a6%d7%99%d7%95%d7%9f/,בני ציון,"גרשון 23, מונטיפיורי",כללי,מנחה-בזמן,"שחרית-8:45, מנחה-בזמן",,"חיים נגר
                            
                                -050-6815883",
https://rabanut.co.il/synagogue/%d7%91%d7%a0%d7%99%d7%99%d7%9f-%d7%a2%d7%96%d7%a8%d7%99%d7%90%d7%9c%d7%99/,בניין עזריאלי,"דרך מנחם בגין 102, מונטיפיורי",כללי,מנחה-ק14:00 ח 13:00,,"שיעור דף יומי, בימים א-ה אחרי מנחה גדולה",,
https://rabanut.co.il/synagogue/%d7%91%d7%a0%d7%99%d7%9e%d7%99%d7%9f-%d7%a9%d7%9e%d7%a9/,בנימין שמש,"שלמה המלך 45, לב העיר",עדות המזרח,"שחרית-7:00, מנחה-בזמן","שחרית-7:00, מנחה-בזמן","שיעור בגמרא ,פרשת שבוע והלכות, בימים א-ה בין מנחה לערבית","אריה טוויג
                            
                                -054-4202715",
https://rabanut.co.il/synagogue/%d7%91%d7%a8%d7%99%d7%aa-%d7%90%d7%97%d7%99%d7%9d-%d7%9c%d7%a2%d7%95%d7%9c%d7%99-%d7%93%d7%9e%d7%a9%d7%a7/,ברית אחים לעולי דמשק,"קלמן 4, התקווה",עדות המזרח,מנחה-בזמן,"מנחה-7:00, מנחה-בזמן",,"יוסף הכהן טארב
                            
                                -052-82338608",
https://rabanut.co.il/synagogue/%d7%91%d7%a8%d7%99%d7%aa-%d7%a2%d7%95%d7%9c%d7%9d/,ברית עולם,"מעפילי אגוז 74, נווה אליעזר",עדות המזרח,מנחה-בזמן,"שחרית-7:30, מנחה-13:30-בזמן","שיעור דף יומי, בימים א-ה אחרי מנחה","אהרון שמחי
                            
                                -052-2805548",
https://rabanut.co.il/synagogue/%d7%92%d7%90%d7%95%d7%9c%d7%94/,גאולה,"טשרנחובסקי 17, לב העיר",עדות המזרח,,"שחרית-8:00, מנחה-בזמן",,"סמי אסולין
                            
                                -054-4726736",
https://rabanut.co.il/synagogue/%d7%91%d7%99%d7%aa-%d7%90%d7%9c-4/,בית אל,"בת עין 2, יפו",תימני,שחרית-5:45,"שחרית-7:00, מנחה-בזמן",,"נאור נחשון
                            
                                -גבאי:052-4843937",הרב יעקב חזי
https://rabanut.co.il/synagogue/%d7%91%d7%99%d7%aa-%d7%90%d7%9c-3/,בית אל,"נתן הנביא 59, התקווה",עדות המזרח,שחרית-נץ,"שחרית-נץ, מנחה-13:00-בזמן",,"יוסף עגמי
                            
                                -054-7643833",
https://rabanut.co.il/synagogue/%d7%92%d7%90%d7%95%d7%9c%d7%aa-%d7%99%d7%a9%d7%a8%d7%90%d7%9c/,גאולת ישראל,"מרכז בעלי מלאכה 16, לב העיר",אשכנז,מנחה-בזמן,"שחרית-9:00, מנחה-בזמן",,"יצחק ביר
                            
                                -054-2039776",
https://rabanut.co.il/synagogue/%d7%92%d7%90%d7%95%d7%9c%d7%aa-%d7%99%d7%a9%d7%a8%d7%90%d7%9c-2/,גאולת ישראל,"שד' הותיקים 7, קריית שלום",עדות המזרח,"שחרית-5:00-7:00, מנחה-13:15-בזמן, ערבית-22:00","שחרית-7:00 -8:00, מנחה-בזמן","שיעור דף יומי, בימים א-ה בשעה 21:00","הרב פנחס ארביב
                            
                                -052-4259391",הרב פנחס ארביב
https://rabanut.co.il/synagogue/%d7%92%d7%91%d7%95%d7%a8%d7%aa-%d7%90%d7%9c%d7%99%d7%94%d7%95/,גבורת אליהו,"עירית 6, יפו",עדות המזרח,"שחרית-5:30, מנחה-בזמן","שחרית-7:00, מנחה-בזמן",,"יצחק ג'אק
                            
                                -050-2107179",
https://rabanut.co.il/synagogue/%d7%92%d7%91%d7%95%d7%a8%d7%aa-%d7%99%d7%a9%d7%a8%d7%90%d7%9c-%d7%a8%d7%90%d7%a9-%d7%99%d7%94%d7%95%d7%93%d7%99/,גבורת ישראל – ראש יהודי,"בר כוכבא 54, הצפון הישן",עדות המזרח,"שחרית-נץ, 8:30-מנחה-13:45:00","שחרית-נץ-8:30, מנחה-בזמן",,"חיים אייזנר
                            
                                -054-8025888",הרב בן ציון נשר
https://rabanut.co.il/synagogue/%d7%92%d7%91%d7%95%d7%a8%d7%aa-%d7%a6%d7%99%d7%95%d7%9f/,גבורת ציון,"צייטלין 22, הצפון החדש",אשכנז,שחרית-6:30,"שחרית-8:45, מנחה-בזמן","שיעור דף יומי, בימים א-ה בשעה 7:15","שמואל רויזמן
                            
                                -052-2737073",
https://rabanut.co.il/synagogue/%d7%92%d7%95%d7%a9-%d7%a2%d7%a6%d7%99%d7%95%d7%9f/,גוש עציון,"אפלטון 10, יפו",עדות המזרח,מנחה-בזמן,"שחרית-7:00, מנחה-בזמן",,"ערן לוי
                            
                                -054-5574138",
https://rabanut.co.il/synagogue/%d7%92%d7%99%d7%91%d7%95%d7%a8%d7%99-%d7%99%d7%a9%d7%a8%d7%90%d7%9c/,גיבורי ישראל,"המערכה 36, יד אליהו",תימני,"שחרית-5:15, מנחה-בזמן","שחרית-7:00, מנחה-בזמן",,"אברהם ימיני
                            
                                -03-7393726",הרב זכריה עוזרי
https://rabanut.co.il/synagogue/%d7%93%d7%95%d7%a8-%d7%99%d7%a9%d7%a8%d7%99%d7%9d/,דור ישרים,"שד' ושינגטון 23, פלורנטין",עדות המזרח,"שחרית-8:00, מנחה-בזמן",,,"מאור כהן
                            
                                -050-5290895",
https://rabanut.co.il/synagogue/%d7%93%d7%a8%d7%9a-%d7%94%d7%a9%d7%9c%d7%95%d7%9d/,דרך השלום,"דרך הטייסים 14, יד אליהו",אשכנז,"שחרית-8:00, מנחה-בזמן, ערבית-22:00",מנחה-בזמן,,"אפרים יפה
                            
                                -03-7395154",הרב זוהר
https://rabanut.co.il/synagogue/%d7%93%d7%a8%d7%9a-%d7%a2%d7%a5-%d7%94%d7%97%d7%99%d7%99%d7%9d/,דרך עץ החיים,"מסילת ישרים 82, שפירא",עדות המזרח,"שחרית-7:45, מנחה-13:15-בזמן","שחרית-7:30, מנחה-בזמן","שיעור דף יומי, בימים א-ה בשעה 18:00","הרב שמחה יעקובוב
                            
                                -050-4170870",הרב שמחה יעקובוב
https://rabanut.co.il/synagogue/%d7%94%d7%91%d7%90%d7%99%d7%9d-%d7%99%d7%a9%d7%a8%d7%a9-%d7%90%d7%95%d7%94%d7%9c-%d7%9e%d7%a9%d7%94/,הבאים ישרש – אוהל משה,"נתן החכם 10, הצפון הישן",כללי,שחרית-ימים שני וחמישי 8:30,"שחרית-8:30, מנחה-בזמן",,"הרב גד זרביב
                            
                                -054-3133276",הרב גד זרביב
https://rabanut.co.il/synagogue/%d7%94%d7%91%d7%a0%d7%99%d7%9d-%d7%a9%d7%95%d7%a9%d7%a0%d7%99-%d7%a1%d7%a2%d7%93%d7%99%d7%94/,הבנים – שושני סעדיה,"הט""ז 8, רמת החייל",אשכנז,,"שחרית-8:00, מנחה-בזמן",,"יעקב כוכבא
                            
                                -077-2081399    054-7304830",
https://rabanut.co.il/synagogue/%d7%94%d7%92%d7%93%d7%95%d7%9c/,הגדול,"אלנבי 110, לב העיר",אשכנז,"שחרית-6:45, מנחה-12:30-13:20-13:40-14:00-14:20-14:40-15:00-16:00-16:30-בזמן","שחרית-8:30, מנחה-בזמן","שיעור דף יומי, בימים א-ה בשעה 12:40 ובשעה 15:20","הרב יצחק בר זאב
                            
                                -050-9631111",הרב יצחק בר זאב
https://rabanut.co.il/synagogue/%d7%94%d7%92%d7%93%d7%95%d7%9c-%d7%91%d7%a6%d7%a4%d7%95%d7%9f/,הגדול בצפון,"דיזינגוף 312, הצפון הישן",אשכנז,"שחרית-6:00, מנחה-בזמן, ערבית-20:20","שחרית-8:00, מנחה-בזמן",,"אורי הורוביץ
                            
                                -050-3647763",אפרים וייס
https://rabanut.co.il/synagogue/%d7%94%d7%92%d7%93%d7%95%d7%9c-%d7%a0%d7%97%d7%9c%d7%aa-%d7%99%d7%a6%d7%97%d7%a7/,הגדול נחלת יצחק,"עמק ברכה 48, נחלת יצחק",אשכנז,"שחרית-6:20, מנחה-בזמן","שחרית-7:30-8:00, מנחה-בזמן","שיעור דף יומי, בימים א-ה בין מנחה לערבית","שאול דוידוביץ
                            
                                -050-5281380",
https://rabanut.co.il/synagogue/%d7%94%d7%92%d7%a8%d7%90/,"הגר""א","הירקון 42, כרם התימנים",אשכנז,"שחרית-7:00, מנחה-בזמן, ערבית-19:15","שחרית-8:00, מנחה-בזמן",,"דני שטייג
                            
                                -052-2317717",
https://rabanut.co.il/synagogue/%d7%94%d7%97%d7%a9%d7%9e%d7%95%d7%a0%d7%90%d7%99%d7%9d/,החשמונאים,"החשמונאים 74, לב העיר",אשכנז,"שחרית-6:10, מנחה-ח 12:30 ק 13:30-בזמן","שחרית-7:00, מנחה-בזמן",,"דוד גלבר
                            
                                -הרב - 050-4155526  הגבאי - 052-8243630",הרב שוורץ אליהו מאיר
https://rabanut.co.il/synagogue/%d7%94%d7%99%d7%9b%d7%9c-%d7%90%d7%91%d7%99-%d7%93%d7%95%d7%93/,היכל אבי דוד,"יהושע בן נון 7, הצפון הישן",תימני,שחרית-6:15,"שחרית-ח 7:00 ק 7:30, מנחה-14:30 – בזמן",,"חיים נחום
                            
                                -052-2244903",הרב אהרון קפאח
https://rabanut.co.il/synagogue/%d7%94%d7%99%d7%9b%d7%9c-%d7%90%d7%94%d7%a8%d7%95%d7%9f/,היכל אהרון,"זלמן שזר 42, תל כביר",עדות המזרח,"שחרית – נץ, מנחה-13:00-בזמן","שחרית-נץ-7:15, מנחה-13:00-בזמן","שיעור דף יומי, בימים א-ה בין מנחה לערבית","שלמה סיטון
                            
                                -054-5400900",
https://rabanut.co.il/synagogue/%d7%94%d7%99%d7%9b%d7%9c-%d7%93%d7%95%d7%93/,היכל דוד,"שקד 31, תל כביר",עדות המזרח,"שחרית-6:45, מנחה-בזמן, ערבית-ימים שני ורביעי ק22:00 ח 21:30","שחרית-6:45, מנחה-בזמן",,"כאלפון שלמה
                            
                                -050-4084356",הרב זבולון משה
https://rabanut.co.il/synagogue/%d7%94%d7%99%d7%9b%d7%9c-%d7%93%d7%95%d7%93-%d7%96%d7%9b%d7%a8%d7%95%d7%9f-%d7%9e%d7%a9%d7%94/,היכל דוד-זכרון משה,"מרגולין 16, יד אליהו",עדות המזרח,"שחרית-נץ, מנחה-ח13:00 ק13:30-בזמן, ערבית- 21:00","שחרית-נץ-7:15, מנחה-13:15-בזמן","שיעור דף יומי, בימים א-ה בשעה 19:00","מסטשי דוד
                            
                                -052-7671392","הרה""ג משה מאיה שליט""א"
https://rabanut.co.il/synagogue/%d7%94%d7%99%d7%9b%d7%9c-%d7%93%d7%a8%d7%9b%d7%99-%d7%90%d7%99%d7%a9/,היכל דרכי איש,"הדף היומי 9, נווה שרת",אשכנז,"שחרית-6:40, ערבית-20:45","שחרית-7:30, מנחה-בזמן",,"יהודה אריה לייב הנדלס
                            
                                -050-4199739",
https://rabanut.co.il/synagogue/%d7%94%d7%99%d7%9b%d7%9c-%d7%94%d7%9b%d7%95%d7%94%d7%a0%d7%99%d7%9d/,היכל הכוהנים,"דוד ממזריץ 5, יפו",עדות המזרח,,"שחרית-7:00, מנחה-13:15-בזמן",,"יורם כהן
                            
                                -050-3551884",
https://rabanut.co.il/synagogue/%d7%94%d7%99%d7%9b%d7%9c-%d7%94%d7%a1%d7%95%d7%a4%d7%a8/,היכל הסופר,"דיזינגוף 237, הצפון הישן",עדות המזרח,שחרית-6:10,"שחרית-7:30, מנחה-בזמן",,"דוד בן דוד
                            
                                -054-7637505",
https://rabanut.co.il/synagogue/%d7%94%d7%99%d7%9b%d7%9c-%d7%94%d7%a2%d7%9d/,היכל העם,"פעמונית 11, יפו",עדות המזרח,"שחרית-5:45, מנחה-שקיעה","שחרית-7:00, מנחה-בזמן",,"זיגדון משה
                            
                                -054-5360802",
https://rabanut.co.il/synagogue/%d7%94%d7%99%d7%9b%d7%9c-%d7%94%d7%aa%d7%9c%d7%9e%d7%95%d7%93/,היכל התלמוד,"יהודה הלוי 13, נווה צדק",אשכנז,"מנחה-13:00-בזמן, ערבית-21:40",,,"בויער
                            
                                -050-4170183",
https://rabanut.co.il/synagogue/%d7%94%d7%99%d7%9b%d7%9c-%d7%97%d7%99%d7%99%d7%9d/,היכל חיים,"אופנהיימר 5, רמת אביב",עדות המזרח,"שחרית-6:15-7:30, מנחה-בזמן","שחרית-7.30-8.30, מנחה-בזמן","שיעור דף יומי, בימים א-ה בשעה 7:00","ישראל ורסנו
                            
                                -052-2447536",
https://rabanut.co.il/synagogue/%d7%94%d7%99%d7%9b%d7%9c-%d7%99%d7%94%d7%95%d7%93%d7%94/,היכל יהודה,"בן סרוק 13, הצפון החדש",עדות המזרח,"שחרית-6:25, מנחה-בזמן","שחרית-7:30, מנחה-13:00-בזמן",,"אברהם רקנטי
                            
                                -050-5287185",הרב דוד רקנאטי
https://rabanut.co.il/synagogue/%d7%94%d7%99%d7%9b%d7%9c-%d7%99%d7%a2%d7%a7%d7%91-%d7%95%d7%97%d7%a0%d7%94/,היכל יעקב וחנה,"הכינור 2, קריית שלום",עדות המזרח,"שחרית-5:00, מנחה-בזמן","שחרית-6:30, מנחה-13:30-בזמן",,,
https://rabanut.co.il/synagogue/%d7%94%d7%99%d7%9b%d7%9c-%d7%99%d7%a6%d7%97%d7%a7/,היכל יצחק,"סומקן 11, יפו",עדות המזרח,"שחרית-5:30, מנחה-בזמן","שחרית-7:15, מנחה-בזמן",,,
https://rabanut.co.il/synagogue/%d7%94%d7%99%d7%9b%d7%9c-%d7%99%d7%a6%d7%97%d7%a7-%d7%99%d7%a9%d7%99%d7%91%d7%aa-%d7%90%d7%95%d7%a8%d7%95%d7%aa-%d7%a9%d7%90%d7%95%d7%9c/,היכל יצחק   – ישיבת אורות שאול,"ישראל מסלנט 24, שפירא",אשכנז,"שחרית-6:00-7:30, מנחה-בזמן, ערבית-20:15",חנוך,,"חיים גורן
                            
                                -052-5833773",
https://rabanut.co.il/synagogue/%d7%94%d7%99%d7%9b%d7%9c-%d7%9e%d7%90%d7%99%d7%a8-2/,היכל מאיר,"מאנה 12, הצפון החדש",עדות המזרח,"שחרית-7:00, מנחה-13:30+סמוך",שחרית-8:00,,"יהושע כהן
                            
                                -052-8334217",
https://rabanut.co.il/synagogue/%d7%94%d7%99%d7%9b%d7%9c-%d7%9e%d7%90%d7%99%d7%a8/,היכל מאיר,"מאנה 12, הצפון החדש",אשכנז,"שחרית-7:00, מנחה-13:30, בזמן","שחרית-8:30, מנחה-בזמן","שיעור דף יומי, בימים א-ה בין מנחה לערבית","משה בר חן
                            
                                -054-4406789",הרב גיחובסקי
https://rabanut.co.il/synagogue/%d7%94%d7%99%d7%9b%d7%9c-%d7%9e%d7%99%d7%9b%d7%90%d7%9c-%d7%92%d7%91%d7%90%d7%99/,היכל מיכאל – גבאי,"מסילת ישרים 36, שפירא",עדות המזרח,"שחרית-5:30-8:00, מנחה-בזמן","שחרית-7:00, מנחה-בזמן",,"אליהו אגיוב
                            
                                -054-4772248",
https://rabanut.co.il/synagogue/%d7%94%d7%99%d7%9b%d7%9c-%d7%9e%d7%a0%d7%97%d7%9d/,היכל מנחם,"אברבנאל 37, פלורנטין",עדות המזרח,"שחרית-8:15, מנחה-13:15-בזמן","שחרית-8:20, מנחה-בזמן","שיעור דף יומי, בימים א-ה אחרי שחרית","אלעד מנחמוב
                            
                                -050-7820912",
https://rabanut.co.il/synagogue/%d7%94%d7%99%d7%9b%d7%9c-%d7%9e%d7%a0%d7%97%d7%9d-%d7%a9%d7%99%d7%a8%d7%aa-%d7%93%d7%91%d7%95%d7%a8%d7%94/,היכל מנחם שירת דבורה,"בן יהודה 87, הצפון הישן",אשכנז,"שחרית-8:00, מנחה-12:45, בזמן","שחרית-8:00, מנחה-בזמן",,"הרב צבי קנול
                            
                                -03-5244371",
https://rabanut.co.il/synagogue/%d7%94%d7%99%d7%9b%d7%9c-%d7%9e%d7%a9%d7%99%d7%97/,היכל משיח,"משה מוקדי 16, אזורי חן",עדות המזרח,,,,"רמי כתרי
                            
                                -050-7443368",
https://rabanut.co.il/synagogue/%d7%94%d7%99%d7%9b%d7%9c-%d7%a6%d7%91%d7%99-%d7%9e%d7%a8%d7%9b%d7%96-%d7%a8%d7%95%d7%97%d7%a0%d7%99-%d7%98%d7%95%d7%91-%d7%94%d7%97%d7%99%d7%99%d7%9d/,היכל צבי – מרכז רוחני טוב החיים,"עצמון 9, נווה צדק",עדות המזרח,"שחרית-6:30, מנחה-בזמן","שחרית-8:00-10:00, מנחה- בזמן",,"רחמים חבורה
                            
                                -03-5173655",
https://rabanut.co.il/synagogue/%d7%94%d7%99%d7%9b%d7%9c-%d7%a9%d7%9e%d7%95%d7%90%d7%9c-%d7%99%d7%a9%d7%99%d7%91%d7%aa-%d7%94%d7%a8%d7%9e%d7%91%d7%9d/,"היכל שמואל – ישיבת הרמב""ם","מבצע קדש 40, הדר יוסף",עדות המזרח,"שחרית-5:30-7:30, מנחה-בזמן","שחרית-נץ-7:15, מנחה-בזמן",,,
https://rabanut.co.il/synagogue/%d7%94%d7%99%d7%9b%d7%9c-%d7%a9%d7%9e%d7%97%d7%94/,היכל שמחה,"תל חי 6, הצפון הישן",עדות המזרח,שחרית-7:30,מנחה-בזמן,,"שמעיה זרקי
                            
                                -050-5703210",
https://rabanut.co.il/synagogue/%d7%94%d7%9b%d7%94%d7%a0%d7%99%d7%9d/,הכהנים,"אלשיך 19, כרם התימנים",תימני,מנחה-בזמן,מנחה-בזמן,,"יהודה כהן
                            
                                -03-5165854",
